chq_date,len,user_unique,transaction_unique,sales_sum,sales_count,average_sum,material,is_promo_sum,is_promo_per_trans,is_promo_sales_sum_sum,is_promo_sales_sum_mean,unique_plant
2016-10-04,73469.0,6683.0,8042.0,8516894.11,93334.568,115.92500387918713,18978.0,29080.0,0.39581320012522286,3956946.48,0.4645997037058384,375.0
2016-10-05,73459.0,6697.0,8152.0,8724351.270000001,92533.11699999998,118.76490654650895,18786.0,28945.0,0.3940293224792061,4196435.28,0.4810025582566897,377.0
2016-10-06,71687.0,6463.0,7694.0,8675348.61,90946.58499999999,121.01704088607417,18792.0,28948.0,0.4038110117594543,4199640.949999999,0.4840890134557947,376.0
2016-10-07,82480.0,7069.0,8575.0,10275817.649999999,105983.041,124.58556801648882,20045.0,34240.0,0.4151309408341416,5286805.599999999,0.5144900172493816,376.0
2016-10-08,104513.0,7959.0,9634.0,13347755.31,134894.274,127.71382804053084,22400.0,45122.0,0.43173576492876486,6841545.17,0.5125614765258983,377.0
2016-10-09,113188.0,8144.0,9920.0,14138653.840000002,145371.21600000001,124.91301056649117,23668.0,49070.0,0.4335265222461745,7096959.66,0.5019544109582641,377.0
2016-10-10,93219.0,7261.0,8786.0,11269397.390000002,117299.03000000001,120.89163571804033,21718.0,37955.0,0.4071594846544159,5638919.9399999995,0.5003745759292989,376.0
2016-10-11,73046.0,6607.0,7934.0,8680369.46,92057.70999999999,118.83428880431511,19084.0,29020.0,0.39728390329381486,4225290.29,0.4867638767532367,375.0
2016-10-12,80662.0,6938.0,8352.0,9629215.84,101702.21,119.37735042523121,20636.0,35492.0,0.4400089261362228,5130912.239999999,0.5328483985877711,376.0
2016-10-13,80933.0,6998.0,8336.0,9835518.87,103329.54100000001,121.52668095832354,20217.0,31883.0,0.3939431381513103,4813202.66,0.48936947034701794,376.0
2016-10-14,97405.0,8021.0,9698.0,12850128.6,129348.993,131.92473281659053,22266.0,42867.0,0.4400903444381705,7070693.54,0.5502430178013938,375.0
2016-10-15,114638.0,8372.0,10162.0,14400441.410000002,151620.156,125.61664901690541,23117.0,51727.0,0.4512203632303425,7586722.6899999995,0.5268395928982845,376.0
2016-10-16,114747.0,8323.0,10148.0,14520081.73,150349.86500000002,126.53996819088952,23631.0,48936.0,0.4264686658474731,7302126.47,0.5028984413299167,376.0
2016-10-17,96588.0,7286.0,8914.0,11778385.19,125716.34800000001,121.94460171035739,21999.0,39735.0,0.4113865076407007,5745839.18,0.4878291113181025,375.0
2016-10-18,78173.0,6773.0,8265.0,9304948.429999998,101649.946,119.03020774436183,19591.0,31111.0,0.39797628337149654,4437171.12,0.47686144134814956,376.0
2016-10-19,79457.0,6964.0,8425.0,9584451.870000001,104589.30500000001,120.62438639767423,19910.0,34709.0,0.43682746642838266,4924115.62,0.5137607957960354,375.0
2016-10-20,77600.0,6615.0,7999.0,9343900.16,101882.114,120.41108453608247,19465.0,33283.0,0.42890463917525773,4756270.25,0.5090240872179868,376.0
2016-10-21,89366.0,7390.0,8915.0,11251350.26,120551.026,125.901911912808,20676.0,42680.0,0.4775865541704899,5967661.220000001,0.530395115439238,375.0
2016-10-22,108977.0,8123.0,9857.0,13571519.9,145456.89700000003,124.53563504225663,23027.0,48947.0,0.4491498206043477,6901634.530000001,0.5085380694906545,375.0
2016-10-23,109113.0,7909.0,9708.0,13540615.25,145243.2,124.09717678003538,23229.0,49161.0,0.45055126336916773,7065137.96,0.5217737768599547,376.0
2016-10-24,92056.0,7004.0,8585.0,10804315.290000001,119889.866,117.36676903189364,21789.0,39042.0,0.4241114104458156,5262489.449999999,0.4870729249146152,376.0
2016-10-25,72468.0,6429.0,7800.0,8617331.83,95396.501,118.91223477948888,18897.0,29007.0,0.40027322404371585,4061768.039999999,0.47134868659223944,374.0
2016-10-26,71033.0,6377.0,7767.0,8415968.620000001,92780.91399999999,118.47970126560895,18963.0,28739.0,0.4045866005940901,4043834.2199999997,0.4804954013718743,376.0
2016-10-27,73735.0,6569.0,7926.0,8833611.79,95916.05,119.80215352275037,19479.0,29349.0,0.39803349833864515,4176476.42,0.4727937472561266,375.0
2016-10-28,90998.0,7635.0,9254.0,11408938.71,120429.60400000004,125.37570836721687,21576.0,40712.0,0.4473944482296314,6270097.85,0.5495776609356506,376.0
2016-10-29,111570.0,8419.0,10247.0,14236894.179999998,151062.736,127.60503880971585,23102.0,52858.0,0.4737653491081832,8201964.95,0.5761063365577395,376.0
2016-10-30,103236.0,7710.0,9518.0,12776478.950000001,137277.092,123.75991853616956,22477.0,46369.0,0.4491553334108257,6790259.659999999,0.53146564766187,376.0
2016-10-31,87537.0,6910.0,8393.0,10300724.910000002,114726.24599999998,117.6728116110902,21151.0,36774.0,0.4200966448473217,5094177.34,0.49454551835031957,376.0
2016-11-01,72184.0,6456.0,7724.0,8384379.81,94580.223,116.15288443422365,19259.0,30348.0,0.42042557907569544,4059178.71,0.48413583377492536,376.0
2016-11-02,77257.0,6884.0,8204.0,8918954.360000001,103010.761,115.4452588114993,19578.0,35052.0,0.45370646025602857,4803952.19,0.5386228021913546,375.0
2016-11-03,78203.0,6602.0,7923.0,9040616.16,105332.76299999999,115.60446734779995,19824.0,33659.0,0.43040548316560745,4436745.51,0.49075698287360975,376.0
2016-11-04,90982.0,7309.0,8844.0,10803335.759999998,123813.659,118.74146270690903,21504.0,39649.0,0.4357894968235475,5321684.89,0.4925964543010742,374.0
2016-11-05,98797.0,7669.0,9264.0,12297941.870000001,135450.29299999998,124.47687551241435,22402.0,41665.0,0.4217233316801117,6018862.279999999,0.4894202902912241,376.0
2016-11-06,110054.0,7844.0,9535.0,13149937.450000001,149432.378,119.48622903302017,23812.0,45940.0,0.4174314427462882,6257135.84,0.4758300838913876,375.0
2016-11-07,94307.0,7127.0,8619.0,10991681.110000001,127151.799,116.55212349030296,22177.0,37509.0,0.39773293604928583,5031627.629999999,0.45776688566977525,376.0
2016-11-08,73243.0,6369.0,7689.0,8209801.359999999,98536.574,112.08991111778599,19324.0,28963.0,0.39543710661769726,3687889.56,0.4492056991741881,376.0
2016-11-09,78366.0,6865.0,8289.0,9352250.309999999,105603.03399999999,119.34066189418878,19858.0,32937.0,0.42029706760584945,4831904.16,0.516656847265244,375.0
2016-11-10,71987.0,6494.0,7822.0,8346754.8900000015,97148.29799999998,115.94808632114133,19620.0,27263.0,0.37872115798685874,3650461.34,0.4373509691021967,376.0
2016-11-11,88777.0,7237.0,8820.0,10715731.440000001,134195.89500000002,120.70391475269497,21033.0,41155.0,0.4635772778985548,5426473.219999999,0.5064025027487996,375.0
2016-11-12,106556.0,7888.0,9452.0,13160174.670000004,153189.60499999998,123.50477373399906,23116.0,47832.0,0.448890724126281,6691132.259999999,0.5084379522145048,375.0
2016-11-13,118777.0,8360.0,10267.0,14565700.130000003,169008.63,122.63064507438311,25130.0,54084.0,0.45534068043476433,7652852.04,0.5254022787574715,374.0
2016-11-14,92358.0,7046.0,8581.0,10832852.769999998,131275.903,117.29198087875439,22161.0,39273.0,0.425225751965179,5197092.2299999995,0.4797528721513309,374.0
2016-11-15,71784.0,6406.0,7685.0,8354974.5,100492.576,116.39048395185557,19424.0,30440.0,0.42404992756045917,4056915.9399999995,0.4855689194503226,372.0
2016-11-16,75952.0,6920.0,8265.0,8948902.870000001,108357.352,117.82313658626502,19589.0,34236.0,0.4507583737097114,4772233.149999999,0.5332757790900013,374.0
2016-11-17,75629.0,6529.0,7875.0,8679413.84,106293.026,114.76303851697101,19688.0,33473.0,0.44259477184677837,4358821.040000001,0.502202236274518,374.0
2016-11-18,99673.0,7467.0,9020.0,11309761.69,141457.74,113.46865941629127,22133.0,50363.0,0.5052822730328174,6257712.99,0.553301931687298,372.0
2016-11-19,108459.0,8334.0,10037.0,13448161.1,152723.473,123.99303976617892,23510.0,49636.0,0.45764759033367447,6977821.63,0.5188680874740562,374.0
2016-11-20,111307.0,8042.0,9878.0,13477495.610000001,154945.84399999998,121.08398941665844,24187.0,50000.0,0.4492080462145238,6847892.1,0.5080982623299106,374.0
2016-11-21,97641.0,7348.0,8872.0,11281208.419999998,133646.308,115.53761657500434,22775.0,43335.0,0.4438197068854272,5645415.29,0.5004264684970692,374.0
2016-11-22,73265.0,6441.0,7809.0,9325101.270000001,101897.15299999998,127.27907281785302,19586.0,30742.0,0.4196000818944926,4102104.91,0.4398992344669732,373.0
2016-11-23,83211.0,7295.0,8778.0,9527817.59,113324.55399999999,114.5018998690077,20700.0,38559.0,0.4633882539568086,5103068.169999999,0.5355967535898217,374.0
2016-11-24,81312.0,7198.0,8644.0,9341043.49,124289.86600000001,114.87902757280598,20198.0,36539.0,0.4493678669815033,4761488.46,0.5097383889816361,374.0
2016-11-25,117276.0,7751.0,9591.0,11662679.94,171067.809,99.44643354138954,22997.0,67810.0,0.5782086701456394,6559116.380000001,0.5624021591730315,374.0
2016-11-26,105212.0,8107.0,9828.0,13162321.509999998,146952.798,125.10285433220544,22853.0,49910.0,0.4743755465156066,7297703.14,0.554438906119685,374.0
2016-11-27,117245.0,8425.0,10325.0,14071988.21,157448.111,120.02207522708858,24521.0,54795.0,0.4673546846347392,7385976.02,0.5248708220741182,374.0
2016-11-28,96807.0,7355.0,8962.0,11106426.600000001,130343.61099999999,114.72751557222104,22727.0,42988.0,0.4440587974010144,5494163.46,0.49468327283592717,372.0
2016-11-29,69941.0,6265.0,7568.0,7638326.719999999,94639.718,109.21100241632232,18863.0,29330.0,0.4193534550549749,3587148.1300000004,0.46962486176553614,374.0
2016-11-30,91013.0,7595.0,9141.0,10941542.68,124290.43599999999,120.21955852460637,20957.0,48984.0,0.5382088273103842,6845785.63,0.6256691428452208,374.0
2016-12-01,85985.0,7233.0,8731.0,9807466.049999999,119338.76200000002,114.06019712740593,20436.0,45834.0,0.5330464615921382,5911966.23,0.6028026199489114,374.0
2016-12-02,96046.0,7798.0,9499.0,11689566.339999998,131372.084,121.70799762613746,21686.0,52450.0,0.5460924973450222,7369330.629999999,0.6304195053655002,374.0
2016-12-03,113031.0,8536.0,10477.0,14165075.770000001,157157.921,125.32027293397388,23228.0,61867.0,0.5473454185135052,8923301.779999997,0.6299508682402195,373.0
2016-12-04,134003.0,9169.0,11226.0,16334960.479999999,182150.37000000002,121.89996104564823,26297.0,74478.0,0.5557935270105893,10349626.499999998,0.6335874832799105,371.0
2016-12-05,126764.0,9184.0,11226.0,14373619.549999997,171180.811,113.3888134643905,25226.0,73364.0,0.5787447540311129,9033161.24,0.6284541766656125,374.0
2016-12-06,80116.0,7206.0,8777.0,9162429.32,109807.302,114.36453792001598,19902.0,42695.0,0.5329147735783114,5605045.879999999,0.6117423321089257,374.0
2016-12-07,83564.0,7272.0,8808.0,10125126.879999999,115634.08799999999,121.16613469915274,19859.0,45844.0,0.5486094490450433,6462473.5,0.63826098937735,374.0
2016-12-08,78772.0,6902.0,8368.0,9436695.269999998,110672.775,119.79758378611686,19142.0,42983.0,0.5456634337074088,5873339.01,0.6223936284847313,375.0
2016-12-09,90496.0,7322.0,8819.0,10767444.200000003,125535.70300000001,118.98254287482322,20120.0,52147.0,0.5762354137199435,6901059.830000001,0.6409190242193221,375.0
2016-12-10,106474.0,7941.0,9653.0,12915432.56,146728.52800000002,121.30128068824314,21546.0,62059.0,0.5828559084847005,8201991.490000001,0.6350535649423112,374.0
2016-12-11,128992.0,8693.0,10567.0,15587642.89,178996.25199999998,120.84193508124535,23817.0,77139.0,0.5980138303150583,10417406.089999998,0.6683118264585799,374.0
2016-12-12,106931.0,7848.0,9549.0,12384502.110000001,146435.638,115.81769655198214,22232.0,61338.0,0.5736222423806006,7793139.8599999985,0.629265495760814,375.0
2016-12-13,77059.0,6751.0,8094.0,8682067.35,105710.85100000001,112.66779156230939,18437.0,44418.0,0.5764154738576934,5550458.5200000005,0.6393014815762746,375.0
2016-12-14,83754.0,6822.0,8184.0,9741606.419999998,117172.71699999999,116.31213339064401,19311.0,47745.0,0.5700623253814743,6146778.05,0.6309819741208557,375.0
2016-12-15,83164.0,7007.0,8418.0,9457939.219999997,113341.97699999998,113.72636260882109,19086.0,46798.0,0.5627194459140974,5919316.399999999,0.6258568872469452,375.0
2016-12-16,94838.0,7785.0,9354.0,11150688.319999998,131040.95600000002,117.57616482844428,20346.0,56539.0,0.5961639849005673,7377668.589999999,0.6616334685606207,375.0
2016-12-17,113132.0,8239.0,9938.0,13849439.969999999,153500.763,122.41841362302442,22498.0,66549.0,0.5882420535303893,8931792.859999998,0.6449208689555408,375.0
2016-12-18,139283.0,9259.0,11156.0,16863771.759999998,187648.75299999997,121.07559257052188,25236.0,84763.0,0.6085667310439896,11172432.769999998,0.6625109097183369,375.0
2016-12-19,110936.0,7810.0,9395.0,13204836.430000002,150619.15699999998,119.03112091656452,22769.0,64631.0,0.5825971731448764,8378884.83,0.6345315123301379,375.0
2016-12-20,76665.0,6538.0,7905.0,9013658.200000001,103168.321,117.57201069588471,18790.0,43274.0,0.5644557490380225,5555837.98,0.6163799266317864,375.0
2016-12-21,84325.0,7212.0,8649.0,9765436.470000003,115001.34,115.80713276015419,19621.0,50404.0,0.5977349540468426,6441127.619999999,0.6595842018723407,374.0
2016-12-22,75139.0,6660.0,7929.0,8537602.03,102314.68,113.62411038209184,18435.0,42372.0,0.563914877759885,5328241.34,0.6240910880218201,375.0
2016-12-23,91558.0,7600.0,9060.0,10744483.61,123971.579,117.35166353568229,20177.0,57361.0,0.6264990497826515,7433891.739999999,0.691879852939717,373.0
2016-12-24,108254.0,8028.0,9655.0,12901928.560000004,145899.785,119.18200306686131,22325.0,67685.0,0.6252424852661334,8759171.39,0.6789040374286491,375.0
2016-12-25,131739.0,8794.0,10694.0,15774298.25,176505.043,119.73901616074207,24732.0,83266.0,0.6320527710093442,10759136.819999998,0.6820675411028189,374.0
2016-12-26,114668.0,8005.0,9560.0,13215487.51,154255.49,115.2500044476227,23216.0,70385.0,0.6138155370286392,8729474.41,0.6605487995349784,373.0
2016-12-27,70717.0,6391.0,7658.0,8015503.659999999,95880.549,113.34620614562269,18121.0,40905.0,0.5784323430009757,5161659.53,0.6439594751554266,375.0
2016-12-28,72954.0,6972.0,8253.0,8420985.93,93806.345,115.42870754173863,19018.0,39034.0,0.5350494832360118,5163980.290000001,0.6132275166976797,374.0
2016-12-29,80068.0,7349.0,8710.0,9838381.07,103482.91600000001,122.87531935354949,20541.0,44903.0,0.5608108108108109,6481245.36,0.6587715309953938,375.0
2016-12-30,88231.0,7720.0,9331.0,10894077.41,113813.56800000001,123.4722196280219,21552.0,49201.0,0.557638471738958,7059151.11,0.6479806269340618,374.0
2016-12-31,112276.0,8929.0,10737.0,14514867.199999997,146651.875,129.27844953507426,24178.0,65726.0,0.5853967009868538,9829237.659999998,0.6771841260800512,374.0
2017-01-01,126374.0,9082.0,10934.0,15615844.180000003,176706.29000000004,123.56848861316412,25747.0,73904.0,0.5848038362321364,10161067.950000001,0.6506896350191423,375.0
2017-01-02,99063.0,7590.0,9147.0,11620794.379999999,127720.228,117.30711143413787,23269.0,52460.0,0.529561995901598,6948183.120000001,0.5979094795755264,373.0
2017-01-03,72928.0,6914.0,8247.0,8209724.77,94472.313,112.57301406867046,18960.0,38919.0,0.5336633391838526,4902004.739999999,0.5970973299754115,375.0
2017-01-04,69144.0,6620.0,7824.0,7991757.880000001,87398.45700000001,115.58136468818698,18663.0,35057.0,0.5070143468702997,4675490.9,0.5850391078164144,374.0
2017-01-05,61683.0,6025.0,7190.0,7211957.629999999,79253.966,116.91969635069628,17814.0,29166.0,0.47283692427411117,3986803.6300000004,0.552804638426585,374.0
2017-01-06,75139.0,6796.0,8189.0,9222786.0,98325.146,122.74299631349898,19523.0,40659.0,0.5411171295864997,5734270.629999999,0.6217503723928972,375.0
2017-01-07,94117.0,7605.0,8993.0,11489900.860000001,121069.938,122.08103594462213,21561.0,51154.0,0.5435149866655333,7030633.91,0.6118968297172931,375.0
2017-01-08,112446.0,8114.0,9619.0,13617572.730000002,145202.38199999998,121.10322047916335,23922.0,62249.0,0.5535901677249524,8091956.87,0.5942290179345345,374.0
2017-01-09,89812.0,6768.0,8023.0,10196658.709999999,113964.15,113.53336647664008,21289.0,46171.0,0.5140849775085735,5581228.21,0.5473585385893533,373.0
2017-01-10,61827.0,5807.0,6842.0,7036295.119999999,80849.228,113.80618694098047,17350.0,30353.0,0.4909343814191211,3777786.25,0.5368999147380845,375.0
2017-01-11,64718.0,6130.0,7173.0,7353620.119999999,82458.769,113.62557742822706,18118.0,33412.0,0.5162705893259989,4227371.87,0.5748694929865374,375.0
2017-01-12,62480.0,5871.0,6934.0,7597398.319999999,80870.373,121.5972842509603,17518.0,31461.0,0.5035371318822023,3980485.8,0.5239274857448832,374.0
2017-01-13,84008.0,6958.0,8214.0,10002719.729999999,109437.553,119.06865691362725,20066.0,46580.0,0.5544710027616417,6171265.130000001,0.6169587168868923,374.0
2017-01-14,102256.0,7781.0,9194.0,12266943.44,132447.274,119.96306759505555,22472.0,57638.0,0.5636637458926615,7616979.45,0.6209354014923216,375.0
2017-01-15,120191.0,8200.0,9671.0,14519751.020000001,153946.581,120.80564285179423,24427.0,66629.0,0.5543593114293084,8751279.389999999,0.602715527142696,374.0
2017-01-16,95930.0,7016.0,8313.0,11020120.780000001,122248.094,114.87668904409466,21992.0,50299.0,0.5243302408005838,6332032.340000001,0.5745882886775403,373.0
2017-01-17,58730.0,5647.0,6652.0,6670503.75,75156.308,113.57915460582326,16767.0,26014.0,0.4429422782223736,3367797.2899999996,0.5048790040782152,375.0
2017-01-18,68638.0,6218.0,7278.0,8105333.92,87179.941,118.08814242839243,18273.0,32244.0,0.46976893266120806,4338506.67,0.5352656303640603,373.0
2017-01-19,63641.0,5838.0,6962.0,7325523.959999999,81528.708,115.10699014786064,17782.0,27903.0,0.4384437705252903,3723538.42,0.5082965314606657,375.0
2017-01-20,74107.0,6380.0,7497.0,9381885.91,96308.94799999999,126.59918644662447,18898.0,36050.0,0.4864587690771452,4870760.430000001,0.5191664529631869,373.0
2017-01-21,93120.0,7211.0,8479.0,11370363.96,119830.425,122.10442396907217,20830.0,44875.0,0.48190506872852235,6261182.24,0.5506580318823848,375.0
2017-01-22,117614.0,8204.0,9794.0,14270594.870000001,150601.493,121.33415129151292,23997.0,58523.0,0.4975853214753346,7952925.009999998,0.557294568477929,375.0
2017-01-23,94155.0,6897.0,8205.0,10896146.3,121719.23500000002,115.72562582974882,21496.0,43480.0,0.46179172640858157,5693287.319999999,0.5225046693802192,373.0
2017-01-24,60797.0,5627.0,6681.0,6889334.0,78589.53600000001,113.31700577331118,16942.0,26794.0,0.44071253515798475,3513615.4900000007,0.5100080051279269,374.0
2017-01-25,67027.0,6193.0,7239.0,7715476.11,85350.842,115.10997224998881,17652.0,31097.0,0.46394736449490503,4129114.74,0.5351730315966204,376.0
2017-01-26,63083.0,5886.0,6971.0,7198343.670000002,82645.44600000001,114.10908913653444,16945.0,28333.0,0.44913843666280934,3711889.0600000005,0.5156587723742286,375.0
2017-01-27,73752.0,6600.0,7852.0,8816965.47,94517.359,119.54883216726327,18190.0,35790.0,0.4852749755938822,5007868.940000001,0.5679810085498725,376.0
2017-01-28,95556.0,7618.0,8966.0,11703272.320000002,122845.44099999999,122.47553602076272,20980.0,45370.0,0.47480011720875714,6571091.850000001,0.5614747457230833,375.0
2017-01-29,118629.0,8459.0,10025.0,14783146.27,152559.56100000002,124.61663058779894,23923.0,55463.0,0.46753323386355783,8042302.110000001,0.5440183005102608,377.0
2017-01-30,89769.0,6712.0,7968.0,10500521.37,114745.22899999999,116.97268956989606,20811.0,39471.0,0.4396952177254954,5231538.56,0.4982170290083415,375.0
2017-01-31,57923.0,5578.0,6604.0,6642327.999999999,73518.894,114.67513768278575,16169.0,24599.0,0.4246844949329282,3250610.7,0.4893782270312458,376.0
2017-02-01,67481.0,6290.0,7448.0,7837861.129999999,85981.046,116.14915502141342,17650.0,32490.0,0.48146885790074245,4350412.72,0.5550510079016927,375.0
2017-02-02,66964.0,6004.0,7177.0,7812250.800000002,85655.153,116.66344304402368,17641.0,31873.0,0.4759721641479004,4304482.88,0.5509913839427684,376.0
2017-02-03,80286.0,6696.0,8003.0,9301345.06,107060.85800000001,115.85264006177914,18717.0,42860.0,0.5338415165782329,5591710.56,0.6011722523924942,375.0
2017-02-04,97868.0,7378.0,8768.0,11816558.53,129007.053,120.73975691748068,20888.0,50553.0,0.516542690154085,6806523.29,0.5760157048026741,378.0
2017-02-05,121244.0,8066.0,9653.0,14733020.249999998,158018.794,121.5154584969153,23661.0,63131.0,0.5206938075286199,8508626.77,0.5775208766172707,377.0
2017-02-06,99837.0,7097.0,8500.0,11554219.809999997,128524.81800000001,115.73083936817008,21765.0,51035.0,0.5111832286627203,6450289.260000001,0.5582626404958452,374.0
2017-02-07,84448.0,6613.0,7812.0,9543013.81,109845.41399999999,113.00461597669572,20027.0,41843.0,0.4954883478590375,5194795.819999999,0.5443558946290573,377.0
2017-02-08,65280.0,5959.0,7059.0,7355228.7,87046.62100000001,112.67200827205883,16819.0,33487.0,0.5129748774509804,4140545.6500000004,0.562939076251973,377.0
2017-02-09,66428.0,5948.0,7082.0,7386803.22,85002.607,111.20014481845004,17201.0,34315.0,0.5165743361233215,4259835.9,0.5766819249315268,378.0
2017-02-10,73790.0,6292.0,7441.0,8660398.0,94735.67199999999,117.36546957582328,18312.0,38139.0,0.5168586529340019,5029445.75,0.5807407176898799,377.0
2017-02-11,99593.0,7580.0,8856.0,11809905.309999999,127151.21699999999,118.58168053979696,21417.0,54363.0,0.5458516160774352,7138123.15,0.6044183219619735,376.0
2017-02-12,125031.0,8353.0,9867.0,14859034.4,162534.03399999999,118.8428021850581,23857.0,66794.0,0.534219513560637,8579960.05,0.5774237961250026,378.0
2017-02-13,99986.0,7197.0,8570.0,11157608.78,127768.89000000001,111.59171063948952,21979.0,51179.0,0.5118616606324885,6061706.07,0.5432800333406206,377.0
2017-02-14,62538.0,5569.0,6610.0,6801787.32,80881.353,108.76246953852059,17004.0,31054.0,0.4965620902491285,3597405.1100000003,0.528891148863502,377.0
2017-02-15,75885.0,6517.0,7673.0,8574896.22,110948.49299999999,112.99856651512158,18254.0,41228.0,0.5432957765039204,5083543.28,0.5928402104906174,374.0
2017-02-16,65509.0,5936.0,6997.0,7343367.62,85800.107,112.0970800958647,17621.0,32044.0,0.48915416202353873,3880378.15,0.5284194324456277,377.0
2017-02-17,78831.0,6768.0,8079.0,9392141.56,102469.03499999999,119.1427428295975,19137.0,41108.0,0.5214699800839772,5610250.710000001,0.5973345561456807,377.0
2017-02-18,98444.0,7272.0,8580.0,11837524.31,125621.586,120.24627514119703,21488.0,51584.0,0.5239933363130308,6936863.67,0.5860062871541423,376.0
2017-02-19,127537.0,8399.0,10007.0,15224394.440000001,164544.66199999998,119.3723738209304,24427.0,66867.0,0.5242949104965617,8792444.809999999,0.5775234505813288,377.0
2017-02-20,98094.0,7256.0,8586.0,11674108.43,125412.804,119.0094035313067,22207.0,49529.0,0.5049136542500051,6677558.12,0.5719972672893874,378.0
2017-02-21,59132.0,5612.0,6596.0,6492936.62,75390.789,109.80410978827031,16580.0,28768.0,0.48650476899140904,3577287.27,0.5509505912903859,375.0
2017-02-22,61100.0,5848.0,6926.0,7042484.239999999,77907.189,115.2616078559738,17148.0,27630.0,0.4522094926350245,3707880.7300000004,0.5265018143654377,378.0
2017-02-23,69721.0,6240.0,7370.0,7979957.279999999,88931.73999999999,114.45557694238464,17980.0,34457.0,0.49421264755238736,4444740.62,0.5569880218707136,376.0
2017-02-24,69922.0,6189.0,7297.0,8321510.33,89346.153,119.01133162666972,18344.0,34711.0,0.49642458739738565,4714535.420000001,0.5665480463328345,376.0
2017-02-25,92751.0,7435.0,8724.0,11872949.829999998,118799.21299999999,128.00886060527648,21183.0,46454.0,0.5008463520608942,7127616.46,0.6003239769438158,379.0
2017-02-26,123968.0,8702.0,10324.0,15288287.719999997,158918.035,123.32446857253483,24651.0,63789.0,0.5145602090862158,8967660.5,0.5865706261054068,378.0
2017-02-27,92598.0,7186.0,8479.0,11014513.889999999,117366.94799999999,118.94980334348473,22001.0,44952.0,0.48545324953022745,6075287.779999999,0.5515711215831061,377.0
2017-02-28,64602.0,6097.0,7258.0,7589273.010000001,81952.10700000002,117.477369276493,18390.0,33458.0,0.5179096622395591,4491892.7299999995,0.5918739152065369,378.0
2017-03-01,63441.0,6045.0,7101.0,7194450.850000001,81937.606,113.4038058983938,17331.0,29324.0,0.46222474425056354,3840663.5900000003,0.5338369348926749,378.0
2017-03-02,67636.0,6277.0,7396.0,7876122.090000001,87352.178,116.44866772133184,18347.0,31880.0,0.47134662014311907,4255237.44,0.540270629552925,378.0
2017-03-03,72846.0,6545.0,7805.0,9135431.3,95171.863,125.40745270845346,18773.0,36296.0,0.4982565961068556,5495828.68,0.6015948781750456,379.0
2017-03-04,107135.0,8360.0,9934.0,14208518.510000002,141664.324,132.62256508143932,22559.0,56706.0,0.5292948149530966,9217777.07,0.6487500483257631,378.0
2017-03-05,134264.0,8882.0,10822.0,17132569.46,174106.628,127.60359783709707,26222.0,70306.0,0.5236399928499077,10293279.49,0.6008018536876254,378.0
2017-03-06,103017.0,7490.0,8888.0,12252305.65,134088.861,118.93479377190172,22919.0,49289.0,0.4784550122795267,6803673.539999999,0.55529740559484,377.0
2017-03-07,61787.0,5834.0,6868.0,7098384.23,82101.258,114.8847529415573,16957.0,27857.0,0.4508553579231877,3881935.6299999994,0.5468759515149547,378.0
2017-03-08,67846.0,6165.0,7271.0,7978750.08,86338.305,117.60089143059281,17747.0,35177.0,0.5184830351089231,4766074.34,0.5973459868039882,378.0
2017-03-09,72191.0,6399.0,7612.0,8092396.91,96100.02800000002,112.09703300965495,17851.0,39616.0,0.5487664667340805,4752986.8,0.5873398021452212,378.0
2017-03-10,72332.0,6367.0,7561.0,9006287.52,96894.15599999999,124.51318254714371,19013.0,36941.0,0.5107144832162804,5484352.31,0.608947060353232,376.0
2017-03-11,94673.0,7334.0,8794.0,11945696.940000003,124277.84799999998,126.17849798781072,21788.0,55766.0,0.5890380573130671,7434913.4,0.6223926019003793,379.0
2017-03-12,123593.0,8420.0,10064.0,15780506.409999996,160888.93899999998,127.6812312185965,25111.0,62499.0,0.505683978866117,9169673.75,0.5810760131366407,380.0
2017-03-13,95325.0,7173.0,8551.0,11733100.85,123429.27399999999,123.08524364017833,22366.0,46510.0,0.4879097823236297,6674026.079999999,0.5688203114694952,377.0
2017-03-14,59823.0,5723.0,6737.0,7144580.0600000005,78295.276,119.42864884743327,16880.0,28729.0,0.4802333550641058,4036426.63,0.5649634542691372,380.0
2017-03-15,77453.0,6878.0,8089.0,9957925.32,102271.688,128.56732883167857,19303.0,39451.0,0.5093540598814765,6228637.529999999,0.6254955053227894,378.0
2017-03-16,73763.0,6845.0,8133.0,9336275.150000002,99464.63999999997,126.57125049143883,19278.0,36210.0,0.490896519935469,5505823.96,0.5897238322073229,380.0
2017-03-17,89198.0,7402.0,9039.0,12386835.129999999,118128.381,138.86897834032152,21229.0,49386.0,0.5536671225812237,8318024.11,0.6715213388006078,380.0
2017-03-18,110463.0,8089.0,9754.0,15307801.57,149870.182,138.57854276997728,22682.0,62554.0,0.5662891646976815,10209992.489999998,0.6669796732934785,378.0
2017-03-19,147192.0,9363.0,11341.0,19958196.180000003,194703.06599999996,135.59294105657918,26504.0,82284.0,0.5590249470079895,12993440.079999998,0.6510327868718242,380.0
2017-03-20,112658.0,7933.0,9611.0,14427428.270000001,147843.69900000002,128.06394814394008,23765.0,59875.0,0.5314757939959879,8845517.530000001,0.613104245917003,380.0
2017-03-21,80201.0,6987.0,8441.0,10369646.83,103057.171,129.29572985374247,19517.0,44229.0,0.5514769142529395,6704307.149999999,0.6465318693982945,380.0
2017-03-22,79892.0,6991.0,8352.0,10557950.309999999,106822.83099999999,132.15278513493215,19394.0,44047.0,0.5513317979272018,6890251.04,0.6526125656675875,379.0
2017-03-23,77674.0,6901.0,8379.0,10854770.839999998,104277.737,139.74780286839868,19356.0,42693.0,0.5496433813116358,7271096.869999999,0.6698526368890161,379.0
2017-03-24,82531.0,6990.0,8391.0,11096425.34,110449.52,134.4516041245108,19724.0,45401.0,0.5501084440997928,7224989.18,0.6511096104035968,379.0
2017-03-25,103827.0,7991.0,9600.0,14373185.279999997,137363.02200000003,138.4339842237568,22158.0,58217.0,0.5607115682818534,9601961.809999999,0.6680468958652428,380.0
2017-03-26,144475.0,9607.0,11682.0,20587397.22,193408.48500000002,142.49799079425506,26566.0,80177.0,0.5549541443156255,13546384.26,0.6579940200910934,379.0
2017-03-27,121763.0,8569.0,10423.0,17106299.96,161824.40399999998,140.48848960685925,24404.0,65849.0,0.5407964652644892,11154104.64,0.6520465948850344,379.0
2017-03-28,83934.0,7407.0,8954.0,11719112.879999999,116353.78499999999,139.62295231967974,19411.0,46293.0,0.5515404961040817,7776986.32,0.6636156166114172,378.0
2017-03-29,92615.0,7879.0,9636.0,13692157.639999999,124198.012,147.83952534686605,20827.0,49955.0,0.5393834692004534,9059423.35,0.6616505293171603,377.0
2017-03-30,106757.0,8471.0,10353.0,15574772.149999999,153823.19999999998,145.88993836469737,22077.0,62166.0,0.5823131035903969,10649407.18,0.6837600625830023,379.0
2017-03-31,110273.0,8553.0,10614.0,16503144.849999998,148150.476,149.65716766570236,22984.0,59726.0,0.5416194354012315,10632520.359999998,0.6442723769706232,379.0
2017-04-01,135378.0,9648.0,11944.0,19868129.38,178835.72,146.7603996217997,24733.0,74480.0,0.5501632466131868,12729432.4,0.640696069395135,379.0
2017-04-02,181853.0,10927.0,13399.0,27077809.859999992,242517.33399999997,148.8994399872424,28245.0,97842.0,0.5380279676441961,16891079.58,0.6237978502445989,379.0
2017-04-03,199875.0,11466.0,14182.0,29751042.43,261108.61099999998,148.8482423014384,29666.0,101115.0,0.5058911819887429,17430822.22,0.5858894612184518,379.0
2017-04-04,202256.0,12459.0,15444.0,29744310.53000001,258420.446,147.062685556918,28790.0,94183.0,0.4656623289296733,16043202.97,0.5393704773831917,380.0
2017-04-05,143077.0,10358.0,13042.0,21838453.170000006,176864.03699999998,152.63426805146884,25230.0,66973.0,0.46809060855343626,11674760.93,0.534596513732845,379.0
2017-04-06,31365.0,3247.0,4064.0,4367619.640000001,39445.166,139.25138338912802,12613.0,15525.0,0.4949784791965567,2447100.3899999997,0.5602823944623528,371.0
2017-04-07,59631.0,5559.0,6706.0,7569662.41,76130.237,126.94173181734332,18084.0,29314.0,0.4915899448273549,4242432.38,0.5604519924687104,379.0
2017-04-08,60177.0,5684.0,6801.0,7374253.360000001,77996.664,122.54272163783507,17719.0,28702.0,0.47695963574123,4001721.7199999997,0.5426612735746849,377.0
2017-04-09,73815.0,6303.0,7498.0,8568931.4,93917.225,116.08658673711305,19157.0,38179.0,0.5172254961728646,4844241.140000001,0.5653261665742826,378.0
2017-04-10,76077.0,6382.0,7596.0,9127081.280000001,97490.50600000002,119.97162453829674,19479.0,37396.0,0.4915546091459968,4929575.91,0.5401043070364768,378.0
2017-04-11,83769.0,6937.0,8213.0,9854953.18,106104.861,117.64439327197411,20500.0,42238.0,0.5042199381632824,5384792.01,0.546404626348514,379.0
2017-04-12,70894.0,6121.0,7234.0,8157520.220000001,88305.796,115.06644031935002,19002.0,34531.0,0.4870793014923689,4324897.26,0.530173035844464,380.0
2017-04-13,67064.0,5750.0,6769.0,7440961.989999999,85181.893,110.95314908147441,18299.0,32283.0,0.4813759990456877,3924322.1399999997,0.5273944612637378,379.0
2017-04-14,58130.0,5470.0,6341.0,6371679.0,73898.949,109.61085498021676,16617.0,27632.0,0.4753483571305694,3292180.0,0.5166895570225681,379.0
2017-04-15,76352.0,6387.0,7439.0,8641940.5,96353.38399999999,113.18551576906957,19005.0,37944.0,0.49696144174350376,4664543.39,0.5397564806191387,378.0
2017-04-16,108132.0,7758.0,9213.0,12127994.91,138027.982,112.15916574187105,23008.0,58020.0,0.5365664188214405,6676360.54,0.550491700363024,380.0
2017-04-17,83423.0,6437.0,7621.0,9410190.14,107587.58399999999,112.80090790309627,20480.0,39097.0,0.46865972213897844,4802076.33,0.5103059830414861,378.0
2017-04-18,60564.0,5721.0,6687.0,6759039.24,75707.779,111.60159896968497,17010.0,28384.0,0.46866125090813027,3413693.6700000004,0.5050560514278062,377.0
2017-04-19,72634.0,6579.0,7699.0,8326238.529999999,95532.208,114.63279634881735,18000.0,38923.0,0.5358785141944544,5060745.24,0.6078069012514827,380.0
2017-04-20,66976.0,5737.0,6812.0,7391390.649999999,85441.76099999998,110.35879494147156,17523.0,33916.0,0.5063903487816531,4098973.29,0.5545604993831574,378.0
2017-04-21,72699.0,6107.0,7173.0,8354186.66,95288.91399999999,114.91473968005062,18334.0,39018.0,0.5367061445136797,5005652.54,0.5991789199500601,378.0
2017-04-22,89199.0,6963.0,8141.0,10350266.97,114685.44100000002,116.03568392022333,20441.0,47527.0,0.532819874662272,5966203.65,0.5764299285509155,377.0
2017-04-23,131187.0,8853.0,10481.0,14997672.150000002,170516.26099999997,114.32285325527684,24531.0,72506.0,0.5526919588068939,8957894.719999999,0.5972856740970963,378.0
2017-04-24,91149.0,6728.0,7975.0,10010719.430000002,116467.75499999999,109.82807743365261,21207.0,45850.0,0.5030225235603243,5372780.880000001,0.5367027732191672,377.0
2017-04-25,61663.0,5515.0,6462.0,6805736.18,80284.31300000001,110.3698519371422,17257.0,30690.0,0.4977052689619383,3657313.9600000004,0.537386972293716,379.0
2017-04-26,67800.0,6139.0,7165.0,7332893.840000001,85821.82,108.15477640117996,17617.0,35519.0,0.5238790560471976,4148522.05,0.5657414576725959,378.0
2017-04-27,63596.0,5765.0,6773.0,6991514.44,81691.08,109.93638656519279,17077.0,32238.0,0.5069186741304484,3797290.44,0.5431284555853682,379.0
2017-04-28,76745.0,6433.0,7506.0,8807070.77,100416.245,114.75758381653527,18710.0,41547.0,0.5413642582578669,5144887.600000001,0.584176934006856,379.0
2017-04-29,99497.0,7433.0,8798.0,11707931.479999999,132341.184,117.67120094073186,21098.0,55221.0,0.5550016583414575,7013791.85,0.5990632813303756,380.0
2017-04-30,121944.0,8157.0,9642.0,14356072.810000002,161019.222,117.72676646657484,23923.0,66200.0,0.5428721380305714,8319487.260000001,0.5795099655809004,379.0
2017-05-01,96469.0,6899.0,8152.0,10760495.610000001,127497.538,111.54355917444984,21469.0,50488.0,0.5233598358021748,5995686.22,0.5571942443271903,380.0
2017-05-02,61762.0,5504.0,6459.0,6743772.08,81108.932,109.18966484245976,16760.0,31794.0,0.5147825523784851,3815030.38,0.5657116424966723,379.0
2017-05-03,67840.0,5935.0,6998.0,7773175.37,89427.628,114.5810048643868,17254.0,37323.0,0.5501621462264151,4830034.630000001,0.6213721420259171,379.0
2017-05-04,65320.0,5696.0,6686.0,7232817.91,84365.862,110.72899433557869,17182.0,34526.0,0.5285670545009186,4194806.73,0.5799685243285767,379.0
2017-05-05,77050.0,6332.0,7368.0,8976303.860000001,99927.799,116.49972563270605,18541.0,43315.0,0.5621674237508112,5601796.850000001,0.6240649756702866,379.0
2017-05-06,104179.0,7546.0,8936.0,12130394.690000001,134570.719,116.4380027644727,21880.0,58143.0,0.5581067201643325,7323208.53,0.6037073580167241,379.0
2017-05-07,117983.0,8077.0,9514.0,13861052.349999998,153573.737,117.48347092377713,23495.0,56376.0,0.4778315520032547,7369340.06,0.5316580497583938,379.0
2017-05-08,90302.0,6712.0,7892.0,10143219.94,116652.103,112.32552922415893,20927.0,40933.0,0.4532900710947709,5115316.100000001,0.5043089009464977,378.0
2017-05-09,58943.0,5413.0,6379.0,6438479.700000001,76667.825,109.23230409039243,16287.0,26959.0,0.4573740732572146,3254765.06,0.505517639513564,377.0
2017-05-10,63718.0,5792.0,6796.0,6905140.709999999,82419.398,108.37033036190714,17139.0,31329.0,0.49168209924981954,3761462.67,0.5447336742251557,380.0
2017-05-11,65013.0,5769.0,6750.0,7196243.229999999,82457.39600000001,110.6892964484026,17395.0,30911.0,0.47545875440296553,3818496.8799999994,0.5306236543091387,379.0
2017-05-12,80971.0,6610.0,7790.0,9219894.110000001,115701.454,113.86662027145523,18651.0,43155.0,0.5329685936940386,5522386.27,0.5989641750885574,378.0
2017-05-13,92069.0,7009.0,8260.0,10938691.209999997,116879.41500000001,118.80971021733697,20411.0,45140.0,0.49028446056761776,6154083.750000001,0.5625978128328574,379.0
2017-05-14,117742.0,7803.0,9245.0,13731585.980000002,148930.693,116.62436496747127,23528.0,58459.0,0.49650082383516503,7585598.87,0.5524197191095328,379.0
2017-05-15,92376.0,6770.0,7986.0,10586200.799999999,118169.68299999998,114.59903871135359,21084.0,43705.0,0.47312072399757515,5673876.95,0.5359691410727823,380.0
2017-05-16,67199.0,5631.0,6615.0,7548518.25,85656.704,112.33081221446747,17936.0,31579.0,0.46993258828256373,4043286.05,0.5356396998841461,379.0
2017-05-17,73152.0,6395.0,7559.0,8437743.98,91782.38299999999,115.34536280621172,18709.0,35397.0,0.48388287401574803,4806231.890000001,0.5696110123028407,379.0
2017-05-18,67318.0,5915.0,6971.0,7917428.180000001,85795.93499999998,117.61235004010815,18158.0,29300.0,0.43524763064856353,4106181.5199999996,0.5186256732170319,379.0
2017-05-19,75123.0,6607.0,7839.0,9121832.35,94912.78099999999,121.42529385141701,19353.0,33850.0,0.45059435858525354,5021122.49,0.5504510823420253,379.0
2017-05-20,101489.0,8260.0,9849.0,13071855.34,127892.971,128.8007108159505,22632.0,48937.0,0.4821901880992029,7451484.91,0.5700403436380134,380.0
2017-05-21,123403.0,8501.0,10080.0,15129123.529999997,156596.622,122.59931711546719,24643.0,57985.0,0.46988322812249295,8408681.53,0.5557943600186864,377.0
2017-05-22,91453.0,6910.0,8141.0,10718283.8,115599.15600000002,117.19991471028835,21664.0,38379.0,0.4196581850786743,5334306.15,0.4976828613177792,378.0
2017-05-23,60776.0,5758.0,6768.0,6954975.5200000005,76498.715,114.43621692773463,17350.0,25175.0,0.41422601026721073,3474637.25,0.4995901480901258,380.0
2017-05-24,64557.0,5969.0,7069.0,7504515.23,83001.289,116.24634400607216,18075.0,27950.0,0.4329507257152594,3958112.8300000005,0.5274308477884188,380.0
2017-05-25,66237.0,6022.0,7177.0,8044058.27,84662.989,121.44357790962755,18350.0,28348.0,0.427978320274167,4245596.91,0.5277929084419724,380.0
2017-05-26,88192.0,7274.0,8766.0,11350464.749999998,114299.599,128.70175015874455,20205.0,45617.0,0.5172464622641509,6277202.66,0.55303485788985,379.0
2017-05-27,106557.0,8176.0,9777.0,13912060.220000003,139973.53099999996,130.5597963531256,22904.0,52893.0,0.4963822179678482,8084045.86,0.5810818622232788,380.0
2017-05-28,131635.0,9106.0,10843.0,17190950.11,169541.55199999997,130.59558711588863,25478.0,63834.0,0.4849318190450868,9925250.81,0.5773532437992749,379.0
2017-05-29,93012.0,7323.0,8833.0,11937915.780000001,118022.409,128.34812475809574,21680.0,43759.0,0.4704661764073453,6511380.7299999995,0.5454369799549715,379.0
2017-05-30,76357.0,6297.0,7385.0,8715696.19,98260.18099999998,114.14403643411868,19510.0,36490.0,0.4778867687310921,4663774.87,0.5351006699098814,378.0
2017-05-31,58484.0,5509.0,6432.0,6560115.97,76631.03499999999,112.16941334382052,16071.0,26521.0,0.45347445455167223,3393394.67,0.5172766282666799,378.0
2017-06-01,66286.0,6084.0,7082.0,7532493.38,85269.08899999999,113.63626376610445,17522.0,32063.0,0.4837069667803156,4233406.06,0.5620192207855614,380.0
2017-06-02,75336.0,6516.0,7796.0,9040039.239999998,98631.884,119.9962732292662,18987.0,37512.0,0.4979292768397579,5320958.0200000005,0.5885989959486062,378.0
2017-06-03,89711.0,7152.0,8490.0,10827913.07,115666.295,120.6977190088172,20581.0,41859.0,0.46659829898228755,5882245.58,0.5432483195951627,380.0
2017-06-04,122494.0,8515.0,10122.0,15502019.49,159229.992,126.5532964063546,24648.0,56320.0,0.45977762176106585,8510564.700000001,0.548997161659484,377.0
2017-06-05,91040.0,7035.0,8313.0,10937306.19,118030.16699999999,120.1373702768014,21424.0,39708.0,0.43615992970123024,5614765.1,0.513359048605002,380.0
2017-06-06,61915.0,5801.0,6807.0,7338731.87,81422.79500000001,118.52914269563111,17028.0,26084.0,0.4212872486473391,3767485.4499999997,0.513370091282542,379.0
2017-06-07,73167.0,6764.0,7989.0,10111067.08,97150.765,138.19163119985785,18900.0,33751.0,0.46128719231347465,5392806.19,0.5333567809739029,379.0
2017-06-08,70103.0,6537.0,7833.0,9044083.84,93210.03099999999,129.01136670327946,18605.0,31021.0,0.442506026846212,5044807.4799999995,0.5578019365198631,380.0
2017-06-09,98704.0,8347.0,10191.0,14385055.729999999,136311.07700000002,145.73933913519207,21767.0,51163.0,0.5183477873237153,9219958.649999999,0.6409400716308521,380.0
2017-06-10,119688.0,9679.0,11862.0,17388472.889999997,159059.05200000003,145.28167310006012,24143.0,61172.0,0.5110955150056814,11140384.879999999,0.6406764383781376,379.0
2017-06-11,149592.0,11169.0,13686.0,21022908.119999997,192425.89899999998,140.53497593454193,27527.0,71747.0,0.479617894005027,12462225.030000001,0.5927926316789707,380.0
2017-06-12,94730.0,8987.0,11394.0,13278380.310000002,122650.27300000002,140.17080449699148,21735.0,43028.0,0.4542172490235406,7409362.359999999,0.558001969142274,379.0
2017-06-13,77506.0,6443.0,7665.0,8984043.32,97950.277,115.9141656129848,20255.0,33797.0,0.43605656336283644,4551946.460000001,0.5066701370268994,379.0
2017-06-14,59384.0,5490.0,6442.0,6653053.59,76019.463,112.03444682069244,16659.0,24978.0,0.4206183483766671,3207038.8899999997,0.4820401409091911,378.0
2017-06-15,65349.0,5886.0,6881.0,7374872.47,84601.878,112.85363922936847,17577.0,28844.0,0.4413839538478018,3763797.4299999997,0.5103542393865964,378.0
2017-06-16,77122.0,6438.0,7513.0,9487326.739999998,103251.78499999999,123.01712533388655,18880.0,35363.0,0.45853323305930865,4571297.2,0.48183195596360384,379.0
2017-06-17,99305.0,7321.0,8594.0,11988162.78,129156.17900000002,120.72063622174109,21692.0,45084.0,0.45399526710638943,6154502.030000001,0.5133815867321749,380.0
2017-06-18,135241.0,8561.0,10184.0,16418278.339999998,178138.163,121.40015483470248,25406.0,61150.0,0.45215578116103844,8290142.76,0.5049337444720163,380.0
2017-06-19,110541.0,7303.0,8645.0,13116274.97,147659.10100000002,118.6552950488959,23095.0,44816.0,0.4054242317330221,5980594.5,0.4559674536923801,380.0
2017-06-20,95836.0,6638.0,7850.0,11658349.12,134174.791,121.64895362911639,20446.0,36844.0,0.3844484327392629,4921265.7700000005,0.42212372603918047,380.0
2017-06-21,116107.0,7827.0,9147.0,14462453.35,166187.95199999996,124.56142480642855,21958.0,43322.0,0.3731213449662811,5855413.5200000005,0.40487000222545233,379.0
2017-06-22,90186.0,7015.0,8326.0,10859711.129999999,124615.61699999997,120.41460015967,20335.0,34795.0,0.3858137626682634,4638053.630000001,0.4270881218182091,380.0
2017-06-23,82867.0,6470.0,7654.0,9774460.06,112523.526,117.95358900406677,19034.0,36310.0,0.4381720105711562,4551750.11,0.4656779077370336,379.0
2017-06-24,92895.0,7008.0,8243.0,10996971.08,122170.69799999999,118.38065644006674,20141.0,41619.0,0.44802196027773294,5186159.73,0.47159892412847926,379.0
2017-06-25,113465.0,7411.0,8787.0,13512303.43,148126.686,119.0878546688406,22737.0,49267.0,0.4342043802053497,6110075.4399999995,0.4521860740955844,378.0
2017-06-26,85056.0,6142.0,7259.0,9708922.96,110262.88600000001,114.1474200526712,20056.0,35750.0,0.420311324303988,4254954.98,0.4382520077180631,380.0
2017-06-27,58918.0,5207.0,6117.0,6604126.66,76089.9,112.0901364608439,16230.0,26061.0,0.4423266234427509,3188532.8299999996,0.4828091576911094,379.0
2017-06-28,59465.0,5232.0,6141.0,6639304.47,76958.30799999999,111.65062591440342,16128.0,25795.0,0.43378457916421426,3146394.01,0.47390416032539623,378.0
2017-06-29,80424.0,6038.0,7046.0,9361264.48,106689.96100000001,116.39889187307271,18453.0,35351.0,0.43955784342982196,4471863.819999999,0.4776986943968919,378.0
2017-06-30,102741.0,6639.0,7811.0,12685917.649999999,141791.67700000003,123.47473403996456,20622.0,45447.0,0.44234531491809503,5995360.260000001,0.47259965147259186,379.0
2017-07-01,129141.0,7713.0,9158.0,16455290.270000001,178616.895,127.42111544745667,23575.0,58803.0,0.4553395126257347,8035641.9399999995,0.48833182570166833,380.0
2017-07-02,124265.0,7067.0,8470.0,15642097.239999998,167997.843,125.87693429364663,24066.0,54419.0,0.43792701082364305,7199632.800000001,0.46027285788692623,378.0
2017-07-03,88094.0,5442.0,6514.0,10759789.93,118809.93199999999,122.13987252253274,20167.0,36829.0,0.41806479442413785,4713892.37,0.4381026396116639,379.0
2017-07-04,80431.0,5022.0,5925.0,10019301.229999999,111321.58300000001,124.5701437256779,18892.0,32673.0,0.4062239683704044,4119564.12,0.41116281718979725,380.0
2017-07-05,87189.0,5281.0,6263.0,10786025.469999999,121792.833,123.70855807498651,19792.0,37206.0,0.4267281423115301,4792374.53,0.4443132962488731,379.0
2017-07-06,70378.0,4508.0,5306.0,8666403.860000001,95080.70999999999,123.14080905964934,18300.0,28115.0,0.399485634715394,3522844.7800000003,0.4064944164741475,379.0
2017-07-07,71214.0,4450.0,5315.0,8869250.890000002,95424.77500000001,124.54364155924401,18171.0,29536.0,0.41474990872581236,3872236.73,0.4365911820541587,376.0
2017-07-08,87787.0,5305.0,6259.0,11144722.969999999,119691.888,126.9518604121339,19990.0,38101.0,0.4340164261223188,5245376.42,0.4706600993241199,379.0
2017-07-09,89490.0,5305.0,6359.0,11018396.580000002,116981.294,123.12433322158903,20654.0,38029.0,0.42495250866018547,5047295.959999999,0.4580789884765609,377.0
2017-07-10,72868.0,4729.0,5584.0,8866776.98,95791.449,121.68272739748588,18856.0,30030.0,0.41211505736400067,3943302.0,0.4447277752552653,378.0
2017-07-11,67074.0,4758.0,5589.0,8111815.76,89482.39700000001,120.9383033664311,17973.0,28645.0,0.42706562900676864,3755118.9799999995,0.46291965832320625,375.0
2017-07-12,67014.0,4807.0,5690.0,8045304.540000001,87664.388,120.05408631032323,17789.0,30776.0,0.4592473214552183,3973395.1899999995,0.4938775369216787,377.0
2017-07-13,69450.0,4871.0,5764.0,8555820.33,91139.599,123.19395723542117,18433.0,31956.0,0.46012958963282935,4131770.8600000003,0.4829193111398589,377.0
2017-07-14,75001.0,5268.0,6175.0,9128565.64,97227.215,121.71258569885735,19149.0,35053.0,0.4673671017719764,4585130.529999999,0.5022837881461516,376.0
2017-07-15,98771.0,6215.0,7294.0,12458532.379999999,129108.296,126.13552945702685,21805.0,47363.0,0.479523341871602,6461211.13,0.5186173565975032,378.0
2017-07-16,107481.0,6382.0,7572.0,13611879.899999997,140780.883,126.64452228766011,23031.0,49976.0,0.4649752049199393,6800506.850000001,0.49960085601401777,376.0
2017-07-17,85184.0,5369.0,6360.0,10708455.22,113490.761,125.70970158715252,20802.0,39157.0,0.45967552592036065,5319533.630000001,0.4967601321304307,375.0
2017-07-18,73288.0,5290.0,6237.0,9021138.28,97672.13900000001,123.09161499836262,18944.0,34388.0,0.46921733435214497,4671694.0200000005,0.5178608147884416,377.0
2017-07-19,82192.0,5780.0,6753.0,10013274.820000002,109966.51399999998,121.82785210239442,19754.0,38629.0,0.46998491337356435,5146519.51,0.5139696655204754,375.0
2017-07-20,84921.0,5850.0,6899.0,10418685.46,112370.629,122.6867966698461,20246.0,40921.0,0.481871386347311,5533202.89,0.5310845510446958,374.0
2017-07-21,91513.0,6043.0,7186.0,11227916.38,122827.553,122.69203697835282,20764.0,46652.0,0.5097854949570007,6156364.7,0.5483087415013328,377.0
2017-07-22,116466.0,7230.0,8555.0,14733321.61,156731.03200000004,126.50319930280081,22969.0,61612.0,0.5290127590884893,8510252.28,0.577619392644209,376.0
2017-07-23,118357.0,7339.0,8811.0,14760813.400000002,156318.41999999998,124.71432530395332,23545.0,62024.0,0.5240416705391316,8370229.659999999,0.5670574807212181,376.0
2017-07-24,59160.0,4486.0,5324.0,7536129.279999999,78601.398,127.38555240027044,17029.0,28971.0,0.48970588235294116,3943166.4899999998,0.5232349848966498,373.0
2017-07-25,54521.0,4455.0,5163.0,6578431.82,72044.801,120.65867867427231,16050.0,26091.0,0.4785495497147888,3355063.39,0.5100096013459937,373.0
2017-07-26,63440.0,4986.0,5896.0,7637675.88,83225.713,120.39211664564944,17290.0,29022.0,0.45747162673392183,3717939.5500000003,0.4867893857260673,376.0
2017-07-27,70000.0,5195.0,6135.0,8580045.219999999,93213.505,122.57207457142856,18615.0,32313.0,0.4616142857142857,4255880.28,0.4960207284315456,375.0
2017-07-28,79075.0,5618.0,6667.0,9885075.840000002,104424.089,125.00886297818529,19621.0,38274.0,0.48402149857730004,5227914.79,0.5288694669235839,376.0
2017-07-29,103821.0,6750.0,7974.0,13202856.42,144477.969,127.1694206374433,22119.0,51369.0,0.49478429219522063,7172330.17,0.5432407913741442,377.0
2017-07-30,100725.0,6278.0,7448.0,12856502.060000002,134866.02,127.63963325887319,22473.0,46437.0,0.4610275502606106,6488847.330000001,0.5047132804644064,376.0
2017-07-31,82145.0,5538.0,6561.0,10137159.280000001,106203.69399999999,123.40567630409643,20596.0,35192.0,0.4284131718303001,4794871.21,0.47299949399631014,376.0
2017-08-01,65077.0,4917.0,5813.0,7902986.92,85041.80699999999,121.44055380549196,17833.0,27450.0,0.4218080120472671,3765965.62,0.47652433923046406,376.0
2017-08-02,70227.0,5310.0,6289.0,8835977.57,91569.22899999999,125.82023395560113,18761.0,29948.0,0.4264456690446694,4264285.52,0.4826048375765625,376.0
2017-08-03,85478.0,5942.0,7035.0,11267196.16,114012.88,131.81398909660965,20654.0,37648.0,0.4404408151805143,5838048.83,0.5181456634904278,377.0
2017-08-04,107355.0,7047.0,8372.0,13979058.69,140665.412,130.21339192399049,23189.0,49122.0,0.457566019281822,7226306.260000001,0.5169379727384206,377.0
2017-08-05,102368.0,6318.0,7526.0,13206129.770000001,132662.92899999997,129.0064255431385,22375.0,44684.0,0.43650359487339796,6475791.860000001,0.4903625795583864,375.0
2017-08-06,84398.0,5678.0,6752.0,10704837.53,109071.52600000001,126.83757352069954,20194.0,37922.0,0.44932344368349963,5543339.369999999,0.5178349839000311,376.0
2017-08-07,76276.0,5296.0,6289.0,9642004.129999999,97412.297,126.40940964392468,19487.0,32014.0,0.41971262258115266,4579810.09,0.47498528607247137,377.0
2017-08-08,75994.0,5407.0,6420.0,9476766.56,96201.73700000001,124.70414190593995,19460.0,33999.0,0.4473905834671158,4825244.21,0.5091656715874617,375.0
2017-08-09,74765.0,5449.0,6422.0,9175642.58,96021.40599999999,122.72644392429613,19431.0,31988.0,0.427847254731492,4434768.83,0.48331970119088924,375.0
2017-08-10,69688.0,5185.0,6202.0,8650678.93,90455.77,124.13441238089771,18541.0,28475.0,0.4086069337619102,4037941.5900000003,0.466777419746406,377.0
2017-08-11,79528.0,5764.0,6811.0,10062644.58,104311.99399999999,126.52958178251686,19649.0,33752.0,0.4244039835026657,4932411.590000001,0.4901705064495084,375.0
2017-08-12,109597.0,7111.0,8506.0,14728178.139999999,144407.075,134.38486582661932,22841.0,47676.0,0.4350119072602352,7282569.0,0.49446502688756866,377.0
2017-08-13,90567.0,6155.0,7439.0,11647639.13,115730.298,128.60798226727175,20898.0,38507.0,0.425176940828337,5692252.639999999,0.48870441266838927,376.0
2017-08-14,73207.0,5276.0,6350.0,9176763.1,92880.82699999999,125.35362875134891,19121.0,29976.0,0.40946903984591637,4310333.57,0.46970086543914386,377.0
2017-08-15,77594.0,5549.0,6583.0,9550023.66,99071.912,123.07683145604042,20026.0,31873.0,0.41076629636312084,4526369.87,0.47396425717336915,378.0
2017-08-16,68199.0,5344.0,6393.0,8325861.250000001,88287.137,122.08186703617356,18247.0,27714.0,0.40636959486209473,3882879.8200000003,0.4663637434505649,375.0
2017-08-17,68458.0,5227.0,6215.0,8439719.329999998,87639.74699999999,123.28317114142976,18792.0,28342.0,0.4140056677086681,4013789.62,0.4755833059201983,375.0
2017-08-18,77465.0,5558.0,6632.0,9706289.760000002,103870.54100000001,125.2990351771768,19460.0,35130.0,0.45349512683147225,5018795.69,0.517066336787374,376.0
2017-08-19,100290.0,6648.0,7895.0,12985222.31,133049.355,129.47674055239804,21957.0,47261.0,0.4712433941569449,6979685.38,0.5375098872681525,376.0
2017-08-20,106289.0,6626.0,7923.0,13658930.6,138536.29799999998,128.50747114000507,23186.0,49444.0,0.46518454402619275,7266659.0,0.5320079011163583,377.0
2017-08-21,83904.0,5689.0,6802.0,10364753.940000001,109261.95,123.53110626430208,20515.0,37581.0,0.4479047482837529,5283678.49,0.5097736541153238,375.0
2017-08-22,65112.0,5088.0,6018.0,7983360.0600000005,85524.036,122.6096581275341,17782.0,28658.0,0.4401339230863742,4019517.54,0.5034869415622975,376.0
2017-08-23,69557.0,5367.0,6359.0,8358463.63,89919.81199999999,120.16710942105036,18326.0,31115.0,0.44733096597035527,4285700.84,0.5127378702250811,375.0
2017-08-24,70163.0,5345.0,6345.0,8574800.12,90960.79599999999,122.21256388694896,18501.0,32271.0,0.4599432749454841,4469417.34,0.5212269997495872,375.0
2017-08-25,81029.0,5780.0,6848.0,10320449.89,107170.86899999999,127.36736094484691,19781.0,37108.0,0.4579594959829197,5454835.7,0.5285463093314821,373.0
2017-08-26,100313.0,6855.0,8166.0,13250147.66,133104.273,132.08804103157118,22432.0,47211.0,0.4706369064827091,7096780.199999999,0.535600084022007,377.0
2017-08-27,99859.0,6612.0,7930.0,12838724.930000002,131688.352,128.56853092860936,22799.0,46544.0,0.4660971970478375,6783792.350000001,0.5283852085769393,375.0
2017-08-28,77757.0,5587.0,6691.0,9643998.21,99899.057,124.02739573286007,19821.0,33838.0,0.43517625422791517,4870131.75,0.5049909429628564,376.0
2017-08-29,66267.0,5257.0,6271.0,8265660.09,87636.946,124.73267372900538,17990.0,28493.0,0.4299726862540933,4113538.52,0.49766606359444426,376.0
2017-08-30,65244.0,5296.0,6285.0,7943592.99,85162.704,121.75208432959353,18110.0,25713.0,0.39410520507632885,3505516.8900000006,0.44130117119709084,376.0
2017-08-31,67216.0,5472.0,6519.0,8394288.739999998,88217.725,124.88527642228038,18232.0,27039.0,0.40227029278743154,3960665.54,0.47182860426600015,374.0
2017-09-01,75450.0,5705.0,6759.0,9678731.209999999,97680.546,128.28006905235253,19310.0,31497.0,0.417455268389662,4510573.04,0.46602937328600536,376.0
2017-09-02,95704.0,6670.0,7976.0,12530894.8,125537.264,130.93386692301263,21528.0,41606.0,0.43473627016634625,6095530.0200000005,0.48644012397263126,377.0
2017-09-03,99183.0,6607.0,7863.0,12946055.510000002,128092.54,130.52696036619182,22363.0,42187.0,0.42534506921549053,6070225.75,0.46888612097415605,377.0
2017-09-04,80965.0,5646.0,6670.0,10322557.379999999,103151.098,127.49407003025998,20375.0,33107.0,0.4089050824430309,4745366.01,0.4597083683152169,373.0
2017-09-05,73448.0,5840.0,6956.0,9396336.29,95426.77699999999,127.93181965472169,19673.0,31684.0,0.43138002396253133,4751826.92,0.5057106060643132,376.0
2017-09-06,67984.0,5480.0,6469.0,8638022.629999999,88331.348,127.0596409449282,18545.0,29017.0,0.4268210167098141,4139566.26,0.479226142059783,377.0
2017-09-07,64731.0,5278.0,6290.0,8285574.56,83539.86899999999,128.00010134247887,17883.0,28440.0,0.43935672243592716,4090988.16,0.4937482766433521,375.0
2017-09-08,79453.0,5901.0,7011.0,10439398.97,102755.41699999999,131.3908722137616,19888.0,35338.0,0.4447660881275723,5327775.09,0.5103526654466009,375.0
2017-09-09,91738.0,6499.0,7729.0,12233789.6,118396.89,133.3557478907323,20977.0,39919.0,0.43514138088905363,5919672.69,0.4838789029034798,377.0
2017-09-10,98915.0,6559.0,7812.0,12870725.739999998,127844.47099999999,130.11904908254562,22218.0,43813.0,0.4429358540160744,6284855.24,0.488306204868289,374.0
2017-09-11,77029.0,5719.0,6832.0,9844803.88,98681.782,127.80646094328111,19927.0,32773.0,0.42546313725999296,4623429.54,0.4696314519167445,374.0
2017-09-12,60340.0,5214.0,6230.0,7710634.8500000015,77310.69499999999,127.78645757374878,17138.0,24447.0,0.40515412661584355,3543570.08,0.4595691728288753,374.0
2017-09-13,64631.0,5532.0,6613.0,8424579.020000001,82323.26699999999,130.3488886138231,17888.0,27011.0,0.4179263820767124,4045979.6199999996,0.4802589672902135,377.0
2017-09-14,80392.0,6053.0,7213.0,10594366.040000003,105883.283,131.78383470992142,20268.0,35564.0,0.44238232659966165,5315183.58,0.5016990691025811,376.0
2017-09-15,101625.0,6944.0,8377.0,13721641.12,135929.763,135.02229884378843,21925.0,46819.0,0.46070356703567034,7043651.069999999,0.5133242451395639,375.0
2017-09-16,103059.0,6739.0,8170.0,13790572.370000001,134694.91799999998,133.81240231323807,22400.0,46202.0,0.4483063099777797,6766096.12,0.4906320012299823,374.0
2017-09-17,85905.0,6127.0,7347.0,11025359.069999998,112250.435,128.3436245852977,20665.0,40059.0,0.46631744368779465,5652294.029999999,0.5126630338398585,375.0
2017-09-18,75988.0,5545.0,6624.0,9458505.719999999,98158.372,124.47367636995314,19458.0,33004.0,0.4343317365899879,4511538.090000001,0.47698211784768063,375.0
2017-09-19,66307.0,5474.0,6529.0,8436409.76,91322.33200000001,127.23256609407754,18070.0,27824.0,0.4196238707828736,3952838.0999999996,0.46854505796313994,377.0
2017-09-20,72774.0,5950.0,7123.0,9060663.8,93562.543,124.50413334432628,18785.0,33225.0,0.45655041635749033,4547466.94,0.501891146209398,376.0
2017-09-21,67606.0,5515.0,6624.0,8667356.56,88455.86899999999,128.20395467857884,17851.0,29105.0,0.4305091264088986,4127231.8099999996,0.47618114951532575,376.0
2017-09-22,79725.0,6155.0,7392.0,10130591.030000001,104502.26899999997,127.06918820947007,19303.0,38560.0,0.4836625901536532,5402255.34,0.5332616156354699,377.0
2017-09-23,102880.0,7224.0,8594.0,13541469.499999998,149486.91,131.62392593312595,21499.0,50502.0,0.49088258164852255,7342827.350000001,0.5422474532767659,376.0
2017-09-24,94591.0,6567.0,7831.0,12175163.950000001,123420.85200000001,128.71376716600946,21478.0,42184.0,0.4459620894165407,5971946.6899999995,0.4905023632145832,375.0
2017-09-25,77299.0,5764.0,6911.0,9604855.219999999,98958.05300000001,124.25587937748223,19729.0,33560.0,0.434158268541637,4623655.82,0.48138735192720594,376.0
2017-09-26,63349.0,5373.0,6394.0,7846290.909999999,82723.32499999998,123.85816524333453,17440.0,26710.0,0.42163254352870605,3727209.19,0.47502816716236185,378.0
2017-09-27,68830.0,5860.0,6909.0,8775844.21,89401.758,127.50027909341858,18474.0,30145.0,0.4379630974865611,4401964.51,0.501600120132488,378.0
2017-09-28,74233.0,5940.0,7072.0,9613081.12,97023.31800000001,129.49875553998893,19538.0,32624.0,0.4394810933142942,4768245.180000001,0.496016326137067,379.0
2017-09-29,72189.0,5801.0,6977.0,9086599.99,95994.696,125.87236268683594,18658.0,31832.0,0.44095360789039884,4386764.28,0.48277290568834647,378.0
2017-09-30,91207.0,6655.0,8028.0,11941224.170000002,122389.709,130.92442652427997,20651.0,43872.0,0.4810157115133707,6064409.62,0.5078549346084338,379.0
2017-10-01,85226.0,6271.0,7568.0,10752439.36,113729.20199999998,126.16383920399878,20501.0,40097.0,0.470478492478821,5265474.11,0.4897004236627474,378.0
2017-10-02,73627.0,5648.0,6732.0,8881210.53,95776.627,120.62437054341477,18851.0,32117.0,0.4362122590897361,4238341.85,0.47722569301597223,378.0
2017-10-03,62601.0,5416.0,6428.0,7736555.8,83179.18500000001,123.5851791504928,17545.0,28216.0,0.45072762415935846,3985524.09,0.5151548302669775,379.0
2017-10-04,70992.0,5895.0,7095.0,9310396.559999999,93892.523,131.14712305611897,18717.0,31861.0,0.44879704755465405,4853556.359999999,0.5213050087310137,378.0
